keys,pt_BR,en,es,fr,de,ja
CUTSCENE_SKIP,Pular,Skip,Saltar,Passer,Überspringen,スキップ
CUTSCENE_SKIP_HINT,Esc ou clique em Pular para pular a abertura,Press Esc or click Skip to skip the opening,Pulsa Esc o haz clic en Saltar para saltar la apertura,Appuyez sur Échap ou cliquez sur Passer pour passer l'introduction,"Drücke Esc oder klicke auf Überspringen, um das Intro zu überspringen",Escキーか「スキップ」でオープニングを飛ばせます
CUTSCENE_REPLAY,Rever abertura,Replay opening,Ver la apertura de nuevo,Revoir l'introduction,Intro erneut ansehen,オープニングをもう一度見る
CUTSCENE_ARRIVAL_01,Era só mais um fim de tarde.,It was just another late afternoon.,Era solo otro atardecer más.,Ce n'était qu'une fin d'après-midi de plus.,Es war nur ein weiterer später Nachmittag.,それは、いつもと同じ夕暮れだった。
CUTSCENE_ARRIVAL_02,O mesmo caminho de sempre para casa.,The same old way home.,El mismo camino de siempre a casa.,Le même chemin que toujours pour rentrer.,Derselbe Heimweg wie immer.,いつもの帰り道。
CUTSCENE_ARRIVAL_03,Até que uma flor dourada caiu...,Until a golden flower fell...,Hasta que una flor dorada cayó...,Jusqu'à ce qu'une fleur dorée tombe...,Bis eine goldene Blüte fiel...,金色の花が舞い落ちるまでは……
CUTSCENE_ARRIVAL_04,...de uma árvore que não estava ali.,...from a tree that wasn't there.,...de un árbol que no estaba allí.,...d'un arbre qui n'était pas là.,"...von einem Baum, der nicht da war.",……そこにはないはずの木から。
CUTSCENE_ARRIVAL_05,E o mundo prendeu a respiração.,And the world held its breath.,Y el mundo contuvo el aliento.,Et le monde retint son souffle.,Und die Welt hielt den Atem an.,そして、世界は息をひそめた。
CUTSCENE_ARRIVAL_06,"Você caiu entre as estrelas,","You fell among the stars,","Caíste entre las estrellas,","Tu as sombré parmi les étoiles,","Du fielst zwischen die Sterne,",あなたは星々のあいだへ落ちていった。
CUTSCENE_ARRIVAL_07,atravessando o sono de dois mundos.,crossing the sleep of two worlds.,atravesando el sueño de dos mundos.,traversant le sommeil de deux mondes.,durch den Schlaf zweier Welten.,ふたつの世界の眠りを越えて。
CUTSCENE_ARRIVAL_08,"Lá embaixo, uma terra antiga acordava em cores...","Far below, an ancient land was waking in color...","Allá abajo, una tierra antigua despertaba en colores...","Tout en bas, une terre ancienne s'éveillait en couleurs...",Tief unten erwachte ein uraltes Land in Farben...,はるか下で、古い大地が色とりどりに目覚めていた……
CUTSCENE_ARRIVAL_09,...rios largos e chapadas acima das nuvens.,...wide rivers and plateaus above the clouds.,...ríos anchos y mesetas sobre las nubes.,...de larges fleuves et des plateaux au-dessus des nuages.,...breite Flüsse und Hochebenen über den Wolken.,……広い川と、雲の上の台地。
CUTSCENE_ARRIVAL_10,"Uma terra onde as lendas ainda andam, riem...","A land where legends still walk, and laugh...","Una tierra donde las leyendas aún caminan, ríen...","Une terre où les légendes marchent encore, rient...","Ein Land, in dem Legenden noch wandeln, lachen...",伝説がいまも歩き、笑い……
CUTSCENE_ARRIVAL_11,...e guardam seus segredos.,...and keep their secrets.,...y guardan sus secretos.,...et gardent leurs secrets.,...und ihre Geheimnisse hüten.,……秘密を守りつづける土地。
CUTSCENE_ARRIVAL_12,"Depois, só o som da água.","Then, only the sound of water.","Después, solo el sonido del agua.","Puis, seulement le bruit de l'eau.",Danach nur noch das Rauschen des Wassers.,そのあとは、水の音だけ。
CUTSCENE_ARRIVAL_13,"— Acorda, Viajante. O rio te trouxe.","— Wake up, Traveler. The river brought you.",— Despierta. El río te trajo hasta aquí.,— Réveille-toi. Le fleuve te dépose ici.,— Wach auf. Der Fluss hat dich hergebracht.,――起きなさい、旅人よ。川があなたを運んできた。
CUTSCENE_ARRIVAL_14,Boas-vindas à Terra de Pindorama.,Welcome to the Land of Pindorama.,Te damos la bienvenida a la Tierra de Pindorama.,Bienvenue au Pays de Pindorama.,Willkommen im Land von Pindorama.,ピンドラマの地へようこそ。
