keys,pt_BR
COMPANION_HARPY,Harpia
SK_BOW_COMPANION_HAWK_STRIKE,Garra do Alto
SK_BOW_COMPANION_HAWK_STRIKE_DESC,"Os mergulhos da harpia ignoram metade da DEF. No ataque básico com arco, 4% + DES × 0,2% de chance (máximo 20%) de a harpia adiantar o próximo mergulho. Recarga interna: 1,5 s."
SK_BOW_COMPANION_SKY_EYE,Olho no Céu
SK_BOW_COMPANION_SKY_EYE_DESC,Revela raros e invisíveis em 12 células por 8 s. O primeiro ataque nesse período recebe +10% de chance crítica.
COMPANION_GUARA,Guará
SK_BOW_COMPANION_GUARA_BITE,Mordida do Guará
SK_BOW_COMPANION_GUARA_BITE_DESC,"Tocaia e Armadilha de Cipó fazem o guará adiantar a próxima mordida, com lentidão de 20% por 2 s. Recarga interna: 4 s."
SK_BOW_COMPANION_GUARA_TRACK,Faro do Guará
SK_BOW_COMPANION_GUARA_TRACK_DESC,"Marca um alvo por 15 s, revelando-o e mostrando-o no minimapa. Fora de combate, também revela coletas em 10 células."
COMPANION_LUME,Lume
SK_ARCANE_COMPANION_LUME_LIGHT,Luz que Acompanha
SK_ARCANE_COMPANION_LUME_LIGHT_DESC,"Ilumina 4 células à noite e nas cavernas (só visual). A Lume luta com magias: Centelha, Luz que Cura e Enxame."
SK_ARCANE_COMPANION_LUME_GUIDE,Lume Guia
SK_ARCANE_COMPANION_LUME_GUIDE_DESC,"Destaca coletas e baús em 15 células por 20 s, sem gastar mana."
MOUNT_DONKEY,Jumento do Sertão
ITEM_LOBEIRA,Lobeira
ITEM_LOBEIRA_DESC,Fruta-do-lobo colhida no cerrado.
ITEM_GLASS_JAR,Pote de Vidro
ITEM_GLASS_JAR_DESC,Um pote para transportar luzinhas com cuidado.
ITEM_DONKEY_GRASS,Capim Fresco
ITEM_DONKEY_GRASS_DESC,Capim cortado para o jumento do Tropeiro.
ITEM_RAPADURA,Rapadura
ITEM_RAPADURA_DESC,Um pedaço de rapadura da banca da vila.
BOND_LUME_LORE,"Você abre o pote. As luzinhas passeiam pela forja, e uma fica perto da sua mão. Seu Zé sorri: essa luz escolheu acompanhar sua viagem."
QUEST_BOND_HARPY_STEP_0,Inspecione o ninho caído na Clareira da Mata.
QUEST_BOND_HARPY_STEP_1,Pegue 6 Penas de Gavião do chão após aceitar esta etapa.
QUEST_BOND_HARPY_STEP_2,Derrote 3 Harpias Caçadoras (estágio 2).
QUEST_BOND_HARPY_STEP_3,Dê nome ao filhote em Companheiros e Montarias.
QUEST_BOND_HARPY,Ninho na Sumaúma
QUEST_BOND_HARPY_DESC_KEY,Complete a história de vínculo. Não exige nível.
QUEST_BOND_HARPY_OFFER_TEXT_KEY,Ninho na Sumaúma: podemos começar?
QUEST_BOND_HARPY_PROGRESS_TEXT_KEY,Siga as etapas no diário. Eu espero seu retorno.
QUEST_BOND_HARPY_COMPLETE_TEXT_KEY,Vocês agora têm uma estrada para seguir juntos.
QUEST_BOND_HARPY_OPTION_TEXT_KEY,Ninho na Sumaúma
QUEST_BOND_GUARA_STEP_0,Peça 8 frutos de lobeira ao Mestre Taquari.
QUEST_BOND_GUARA_STEP_1,"Siga o primeiro rastro na Encruzilhada, de dia."
QUEST_BOND_GUARA_STEP_2,"Siga o segundo rastro, de dia."
QUEST_BOND_GUARA_STEP_3,"Siga o terceiro rastro, de dia."
QUEST_BOND_GUARA_STEP_4,Espante 5 Guarás da Alta Mata (estágio 2).
QUEST_BOND_GUARA_STEP_5,Use Lama no Corpo e espere 10 s parado junto à lobeira.
QUEST_BOND_GUARA,Fruta-do-Lobo
QUEST_BOND_GUARA_DESC_KEY,Complete a história de vínculo. Não exige nível.
QUEST_BOND_GUARA_OFFER_TEXT_KEY,Fruta-do-Lobo: podemos começar?
QUEST_BOND_GUARA_PROGRESS_TEXT_KEY,Siga as etapas no diário. Eu espero seu retorno.
QUEST_BOND_GUARA_COMPLETE_TEXT_KEY,Vocês agora têm uma estrada para seguir juntos.
QUEST_BOND_GUARA_OPTION_TEXT_KEY,Fruta-do-Lobo
QUEST_BOND_LUME_STEP_0,"À noite, pegue 10 Luzinhas de Vaga-lumes Encantados."
QUEST_BOND_LUME_STEP_1,Compre um Pote de Vidro no mercado.
QUEST_BOND_LUME_STEP_2,Leve o pote à forja do Seu Zé e ouça o causo.
QUEST_BOND_LUME_STEP_3,Conte a Mestre Orvalho como as luzinhas reacenderam a forja.
QUEST_BOND_LUME,Pote de Luz
QUEST_BOND_LUME_DESC_KEY,Complete a história de vínculo. Não exige nível.
QUEST_BOND_LUME_OFFER_TEXT_KEY,Pote de Luz: podemos começar?
QUEST_BOND_LUME_PROGRESS_TEXT_KEY,Siga as etapas no diário. Eu espero seu retorno.
QUEST_BOND_LUME_COMPLETE_TEXT_KEY,Vocês agora têm uma estrada para seguir juntos.
QUEST_BOND_LUME_OPTION_TEXT_KEY,Pote de Luz
QUEST_MOUNT_DONKEY_STEP_0,Peça 4 porções de capim ao Tropeiro.
QUEST_MOUNT_DONKEY_STEP_1,Peça 2 rapaduras ao Tropeiro para a entrega.
QUEST_MOUNT_DONKEY_STEP_2,Leve a carga ao ponto de entrega perto do cais.
QUEST_MOUNT_DONKEY,Um Amigo de Estrada
QUEST_MOUNT_DONKEY_DESC_KEY,Complete a história de vínculo. Não exige nível.
QUEST_MOUNT_DONKEY_OFFER_TEXT_KEY,Um Amigo de Estrada: podemos começar?
QUEST_MOUNT_DONKEY_PROGRESS_TEXT_KEY,Siga as etapas no diário. Eu espero seu retorno.
QUEST_MOUNT_DONKEY_COMPLETE_TEXT_KEY,Vocês agora têm uma estrada para seguir juntos.
QUEST_MOUNT_DONKEY_OPTION_TEXT_KEY,Um Amigo de Estrada
NPC_TROPEIRO,"Seu Benedito, Tropeiro"
TROPEIRO_GREETING,"Estrada boa se faz com um amigo. Se você já tem dois Causos para contar, posso lhe apresentar um jumento de confiança."
UI_FOLLOWERS,Companheiros e Montarias
FOLLOWER_NOT_OWNED,Você ainda não conquistou este vínculo.
FOLLOWER_STAND_STILL,"Fique parado, fora de combate, para chamar seu companheiro."
FOLLOWER_OUT_OF_COMBAT,Só é possível montar fora de combate e em pé.
FOLLOWER_BUSY,Aguarde a ação atual terminar.
COMPANION_SWAP_COOLDOWN,Aguarde 60 segundos entre as trocas de companheiro.
MOUNT_ZONE_FORBIDDEN,Não é possível usar montarias nesta área.
MOUNT_HIT_LOCKOUT,Espere 5 segundos após receber dano para montar.
FOLLOWER_NAME_INVALID,"Use um nome permitido, de 2 a 12 caracteres."
FOLLOWER_GATHER_COOLDOWN,Aguarde a coleta reaparecer em 30 segundos.
FOLLOWER_NAME_HINT,Nome (2 a 12 letras)
FOLLOWER_NAME_SAVE,Dar nome ao companheiro
FOLLOWERS_ALL,Outros companheiros: todos
FOLLOWERS_PARTY,Outros companheiros: apenas meu grupo
FOLLOWERS_NONE,Outros companheiros: nenhum
FOLLOWER_BONDS_HINT,"Conquiste vínculos com Mestre Taquari, Mestre Orvalho e o Tropeiro. Requer 2 Causos e ter saído do treino."
FOLLOWER_ACTIVE_HINT,"Um companheiro ativo por vez. Trocar leva 2 segundos, fora de combate."
FOLLOWER_ACTIVE,Ativo
FOLLOWER_DISMISS,Dispensar companheiro
MOUNT_RIDE,Montar
MOUNT_DISMOUNT,Desmontar
FOLLOWER_PASSIVE,Passiva automática
FOLLOWER_SLOT,Atalho %d
FOLLOWER_ASSIGN,Colocar no atalho
FOLLOWER_CHANNEL,Chamando… %.1f s. Fique parado.
FOLLOWER_SWAP_TIMER,Próxima troca em %d s.
FOLLOWER_WINDOW_HINT,Companheiros seguem você. Montarias de viagem desmontam ao lutar.
COMPANION_LEVEL_SHORT,Nv %d
COMPANION_LEVEL_UP,%s subiu para o nível %d!
COMPANION_EVOLVED,%s cresceu! (nível %d)
FOLLOWER_LEVEL,"Nível %d · XP %d / %d"
FOLLOWER_LEVEL_MAX,Nível %d (máximo)
FOLLOWER_SPELLS,Magias: %s
FOLLOWER_NEXT_SPELL,Próxima magia no nível %d
FOLLOWER_COMBAT_HINT,"Luta sozinho contra o alvo atual. Ganha 20% do XP dos monstros, sem tirar o seu."
CSK_HARPY_FEATHER_GUST,Rajada de Penas
CSK_HARPY_FEATHER_GUST_DESC,"A harpia sacode as asas sobre o alvo: 130% do poder em área pequena (1,5 célula). Recarga 9 s."
CSK_HARPY_HIGH_CRY,Grito do Alto
CSK_HARPY_HIGH_CRY_DESC,"Grito que assusta o alvo: 60% do poder e −15% de esquiva por 6 s. Recarga 15 s."
CSK_HARPY_ROYAL_DIVE,Mergulho Real
CSK_HARPY_ROYAL_DIVE_DESC,"Mergulho do alto: 220% do poder, ignorando toda a DEF. Recarga 18 s."
CSK_GUARA_HOWL,Uivo do Cerrado
CSK_GUARA_HOWL_DESC,"Uivo longo: lentidão de 30% por 3 s em 3 células em volta do alvo. Recarga 14 s."
CSK_GUARA_POUNCE,Bote
CSK_GUARA_POUNCE_DESC,"Salto no alvo: 160% do poder e atordoamento de 0,8 s. Recarga 12 s."
CSK_GUARA_DEEP_BITE,Dentada Funda
CSK_GUARA_DEEP_BITE_DESC,"Mordida que não solta: 200% do poder. Recarga 16 s."
CSK_LUME_SPARK,Centelha
CSK_LUME_SPARK_DESC,"Faísca de luz: 100% do poder em dano mágico. Recarga 3 s."
CSK_LUME_HEAL,Luz que Cura
CSK_LUME_HEAL_DESC,"Com o dono abaixo de 70% da vida em combate, cura 80% do poder. Recarga 15 s."
CSK_LUME_SWARM,Enxame
CSK_LUME_SWARM_DESC,"As luzinhas cercam o alvo: 100% do poder em dano mágico em 2 células. Recarga 12 s."
TROPEIRO_SUPPLY_GRASS,Separar o capim para a entrega.
TROPEIRO_SUPPLY_RAPADURA,Separar as rapaduras para a entrega.
TAQUARI_SUPPLY_LOBEIRA,Separar a lobeira para o Guará.
